0,1,2,3,4,target
2500.0,9.9,0.1524,39.6,0.0233328,116.295
10000.0,4.0,0.3048,71.3,0.00497773,110.905
400.0,7.2,0.1524,39.6,0.00909175,132.118
1250.0,12.6,0.1524,71.3,0.0483159,120.154
500.0,4.0,0.2286,39.6,0.00473801,127.039
2500.0,2.7,0.1524,39.6,0.00294804,125.589
400.0,9.5,0.0254,39.6,0.00449821,121.154
400.0,12.3,0.1016,39.6,0.0408268,128.265
315.0,7.2,0.1524,39.6,0.00909175,130.558
3150.0,0.0,0.2286,71.3,0.00214345,127.834
8000.0,15.4,0.0508,71.3,0.0264269,112.675
1600.0,4.0,0.2286,39.6,0.00473801,125.319
1000.0,15.6,0.1016,39.6,0.0528487,119.224
3150.0,3.3,0.1016,71.3,0.00202822,132.114
3150.0,5.4,0.1524,31.7,0.00525474,118.291
4000.0,15.6,0.1016,39.6,0.0528487,106.604
1600.0,12.6,0.1524,39.6,0.0584113,110.78
1250.0,4.0,0.2286,71.3,0.00400603,131.718
3150.0,12.3,0.1016,39.6,0.0408268,113.055
3150.0,19.7,0.0508,39.6,0.036484,113.004
1000.0,0.0,0.1524,55.5,0.00172668,128.583
4000.0,2.0,0.2286,39.6,0.00346574,120.227
2500.0,12.3,0.1016,39.6,0.0408268,113.315
10000.0,4.2,0.0508,39.6,0.00152689,116.967
1250.0,6.7,0.1016,39.6,0.00578076,132.395
4000.0,12.3,0.1016,55.5,0.0368233,114.404
800.0,8.9,0.1016,71.3,0.0103088,137.813
1600.0,0.0,0.2286,31.7,0.0027238,125.625
400.0,9.9,0.1524,31.7,0.0252785,128.939
315.0,0.0,0.3048,39.6,0.00310138,122.779
1600.0,12.7,0.0254,71.3,0.0121808,134.528
1600.0,7.2,0.1524,71.3,0.00752039,130.893
5000.0,0.0,0.1524,71.3,0.0015988,126.457
2500.0,22.2,0.0254,71.3,0.0214178,126.097
1250.0,9.5,0.0254,55.5,0.0043284,132.202
1600.0,7.3,0.2286,71.3,0.0104404,125.728
400.0,5.4,0.1524,39.6,0.00485029,127.637
1600.0,3.0,0.3048,71.3,0.00425727,126.514
2000.0,0.0,0.0508,31.7,0.000812164,133.01
800.0,3.3,0.1016,31.7,0.00251435,131.362
1000.0,0.0,0.1016,31.7,0.00150092,131.313
3150.0,0.0,0.0254,71.3,0.000400682,137.007
2000.0,9.5,0.0254,71.3,0.00420654,134.976
3150.0,0.0,0.2286,31.7,0.0027238,123.445
1600.0,0.0,0.0254,39.6,0.000428464,124.156
630.0,3.0,0.3048,31.7,0.00529514,128.698
1000.0,19.7,0.0508,39.6,0.036484,118.904
3150.0,0.0,0.0254,39.6,0.000428464,133.276
10000.0,7.2,0.1524,71.3,0.00752039,110.313
2000.0,6.7,0.1016,31.7,0.00592927,120.446
6300.0,5.4,0.1524,55.5,0.00433288,117.287
10000.0,0.0,0.3048,55.5,0.00283081,113.076
400.0,3.0,0.3048,71.3,0.00425727,127.564
5000.0,0.0,0.2286,71.3,0.00214345,124.304
630.0,4.8,0.0254,31.7,0.000930789,120.078
800.0,12.6,0.1524,39.6,0.0584113,116.56
4000.0,0.0,0.0254,55.5,0.00041229,133.223
250.0,15.4,0.0508,55.5,0.0271925,124.17
500.0,12.3,0.1016,39.6,0.0408268,122.205
5000.0,17.4,0.0254,39.6,0.0172206,119.854
2000.0,2.0,0.2286,39.6,0.00346574,122.797
4000.0,9.9,0.1524,31.7,0.0252785,111.459
6300.0,7.2,0.1524,39.6,0.00909175,112.688
630.0,9.9,0.1524,71.3,0.0193001,129.889
250.0,9.5,0.0254,39.6,0.00449821,116.924
1600.0,4.0,0.2286,55.5,0.0042862,128.264
500.0,17.4,0.0254,31.7,0.0176631,127.676
5000.0,22.2,0.0254,39.6,0.0229028,118.816
3150.0,12.7,0.0254,71.3,0.0121808,133.758
4000.0,0.0,0.1016,55.5,0.00131983,129.5
200.0,8.9,0.1016,39.6,0.0124596,133.42
10000.0,4.8,0.0254,39.6,0.000907475,126.066
2500.0,2.0,0.2286,31.7,0.00372371,121.407
800.0,9.9,0.1524,55.5,0.0208438,126.565
1600.0,0.0,0.1016,71.3,0.00121072,131.725
5000.0,8.4,0.0508,55.5,0.00544854,115.812
5000.0,12.6,0.1524,71.3,0.0483159,108.034
2000.0,19.7,0.0508,71.3,0.0341183,120.055
10000.0,2.0,0.2286,71.3,0.00293031,113.086
200.0,12.3,0.1016,31.7,0.0418756,124.987
8000.0,0.0,0.1524,31.7,0.00209405,117.957
8000.0,2.7,0.1524,71.3,0.00243851,120.534
1000.0,0.0,0.3048,71.3,0.00266337,125.201
315.0,19.7,0.0508,39.6,0.036484,129.864
1250.0,0.0,0.3048,55.5,0.00283081,126.086
4000.0,8.9,0.1016,71.3,0.0103088,120.243
16000.0,0.0,0.0254,31.7,0.000439472,125.627
8000.0,4.8,0.0254,39.6,0.000907475,131.346
1250.0,11.2,0.0508,71.3,0.014072,136.191
250.0,0.0,0.3048,39.6,0.00310138,119.319
200.0,12.6,0.1524,39.6,0.0584113,114.75
16000.0,0.0,0.3048,71.3,0.00266337,108.721
2500.0,8.4,0.0508,39.6,0.00566229,127.465
3150.0,4.0,0.2286,31.7,0.00509068,120.229
1600.0,9.5,0.0254,71.3,0.00420654,133.756
10000.0,0.0,0.0508,31.7,0.000812164,122.45
630.0,17.4,0.0254,31.7,0.0176631,136.886
5000.0,4.8,0.0254,31.7,0.000930789,135.248
400.0,15.4,0.0508,31.7,0.0289853,123.705
5000.0,4.2,0.0508,39.6,0.00152689,129.777
630.0,2.0,0.2286,39.6,0.00346574,127.417
200.0,0.0,0.3048,39.6,0.00310138,118.129
1250.0,2.0,0.2286,31.7,0.00372371,128.677
800.0,0.0,0.2286,39.6,0.00253511,130.205
10000.0,0.0,0.1016,71.3,0.00121072,123.305
1000.0,7.2,0.1524,71.3,0.00752039,134.273
4000.0,0.0,0.0508,71.3,0.000740478,134.43
1000.0,4.0,0.2286,31.7,0.00509068,129.869
6300.0,0.0,0.0254,55.5,0.00041229,136.103
200.0,12.6,0.1524,71.3,0.0483159,128.354
4000.0,5.4,0.1524,71.3,0.00401199,121.431
200.0,0.0,0.3048,31.7,0.00331266,117.195
400.0,5.4,0.1524,55.5,0.00433288,126.807
1000.0,7.3,0.2286,71.3,0.0104404,126.838
630.0,2.0,0.2286,31.7,0.00372371,129.057
630.0,9.5,0.0254,31.7,0.00461377,129.006
200.0,7.3,0.2286,31.7,0.0132672,128.679
630.0,3.3,0.1016,55.5,0.002211,126.599
1000.0,5.4,0.1524,31.7,0.00525474,128.241
800.0,0.0,0.2286,31.7,0.0027238,130.725
2000.0,8.9,0.1016,71.3,0.0103088,124.233
5000.0,0.0,0.0254,71.3,0.000400682,136.837
3150.0,0.0,0.1524,71.3,0.0015988,129.377
400.0,2.0,0.2286,39.6,0.00346574,122.147
500.0,15.4,0.0508,39.6,0.0282593,125.963
2000.0,0.0,0.0508,39.6,0.000791822,132.918
6300.0,2.0,0.2286,71.3,0.00293031,120.786
2500.0,4.0,0.3048,39.6,0.00579636,120.233
400.0,9.5,0.0254,55.5,0.0043284,120.952
6300.0,8.9,0.1016,39.6,0.0124596,113.11
8000.0,1.5,0.3048,39.6,0.00392107,112.251
315.0,9.9,0.1524,31.7,0.0252785,128.809
5000.0,0.0,0.2286,55.5,0.00229336,122.41
2500.0,15.6,0.1016,71.3,0.0437259,118.998
4000.0,19.7,0.0508,71.3,0.0341183,113.045
5000.0,0.0,0.0508,39.6,0.000791822,134.308
2500.0,0.0,0.1524,39.6,0.00193287,126.863
2000.0,17.4,0.0254,39.6,0.0172206,126.644
1600.0,0.0,0.3048,71.3,0.00266337,127.591
500.0,9.9,0.1524,71.3,0.0193001,131.279
5000.0,3.3,0.1016,39.6,0.00245138,122.371
200.0,15.4,0.0508,39.6,0.0282593,121.783
1600.0,11.2,0.0508,39.6,0.0150478,126.54
6300.0,12.7,0.0254,71.3,0.0121808,125.398
1600.0,6.7,0.1016,71.3,0.00478288,136.678
4000.0,0.0,0.1016,71.3,0.00121072,130.935
4000.0,17.4,0.0254,31.7,0.0176631,121.996
3150.0,7.3,0.2286,31.7,0.0132672,113.229
630.0,11.2,0.0508,71.3,0.014072,133.611
2500.0,3.0,0.3048,31.7,0.00529514,119.598
1250.0,15.6,0.1016,71.3,0.0437259,123.178
3150.0,11.2,0.0508,71.3,0.014072,127.141
315.0,15.6,0.1016,71.3,0.0437259,133.808
20000.0,4.0,0.2286,71.3,0.00400603,109.638
5000.0,0.0,0.0254,55.5,0.00041229,135.803
5000.0,4.8,0.0254,55.5,0.000873218,135.484
6300.0,0.0,0.2286,31.7,0.0027238,116.815
6300.0,4.2,0.0508,39.6,0.00152689,125.717
10000.0,0.0,0.3048,71.3,0.00266337,115.391
800.0,0.0,0.0508,71.3,0.000740478,130.96
630.0,3.3,0.1016,31.7,0.00251435,128.952
800.0,0.0,0.3048,55.5,0.00283081,128.086
2000.0,12.7,0.0254,39.6,0.0130253,129.567
2500.0,4.8,0.0254,31.7,0.000930789,132.588
6300.0,4.8,0.0254,71.3,0.000848633,134.498
500.0,12.6,0.1524,39.6,0.0584113,114.9
315.0,2.0,0.2286,31.7,0.00372371,120.147
4000.0,22.2,0.0254,39.6,0.0229028,119.646
8000.0,0.0,0.0508,31.7,0.000812164,126.59
2500.0,0.0,0.2286,71.3,0.00214345,128.354
10000.0,4.2,0.0508,71.3,0.00142788,121.238
500.0,8.9,0.1016,71.3,0.0103088,138.523
800.0,9.5,0.0254,55.5,0.0043284,128.082
4000.0,4.0,0.3048,39.6,0.00579636,115.863
800.0,9.9,0.1524,39.6,0.0233328,126.345
1600.0,0.0,0.0508,31.7,0.000812164,131.01
6300.0,9.5,0.0254,31.7,0.00461377,120.726
2000.0,15.6,0.1016,39.6,0.0528487,110.894
1600.0,17.4,0.0254,39.6,0.0172206,127.614
6300.0,7.3,0.2286,31.7,0.0132672,110.689
1000.0,3.0,0.3048,31.7,0.00529514,126.838
6300.0,0.0,0.0508,31.7,0.000812164,130.34
1250.0,17.4,0.0254,39.6,0.0172206,131.364
2000.0,4.0,0.2286,55.5,0.0042862,124.254
16000.0,0.0,0.1524,55.5,0.00172668,112.803
5000.0,22.2,0.0254,71.3,0.0214178,125.727
1250.0,3.0,0.3048,71.3,0.00425727,127.634
2000.0,12.7,0.0254,71.3,0.0121808,134.228
800.0,5.4,0.1524,39.6,0.00485029,132.757
500.0,0.0,0.1524,55.5,0.00172668,120.573
8000.0,3.0,0.3048,39.6,0.00495741,110.652
630.0,0.0,0.2286,55.5,0.00229336,126.16
10000.0,4.8,0.0254,55.5,0.000873218,126.944
12500.0,4.8,0.0254,71.3,0.000848633,127.688
3150.0,3.0,0.3048,31.7,0.00529514,118.108
6300.0,0.0,0.0254,39.6,0.000428464,136.826
5000.0,0.0,0.0254,31.7,0.000439472,138.607
400.0,11.2,0.0508,39.6,0.0150478,130.67
16000.0,4.8,0.0254,55.5,0.000873218,124.394
6300.0,2.0,0.2286,39.6,0.00346574,116.417
1600.0,15.6,0.1016,71.3,0.0437259,121.528
500.0,15.4,0.0508,71.3,0.0264269,127.285
1600.0,5.3,0.2286,71.3,0.0051942,130.46
500.0,12.7,0.0254,39.6,0.0130253,127.127
500.0,22.2,0.0254,71.3,0.0214178,117.967
3150.0,4.8,0.0254,39.6,0.000907475,133.436
630.0,7.2,0.1524,39.6,0.00909175,133.198
315.0,9.5,0.0254,31.7,0.00461377,122.766
1000.0,5.3,0.2286,39.6,0.00614329,125.581
5000.0,0.0,0.1016,31.7,0.00150092,124.393
250.0,9.5,0.0254,31.7,0.00461377,120.136
3150.0,0.0,0.1524,55.5,0.00172668,127.753
315.0,5.4,0.1524,39.6,0.00485029,125.347
4000.0,2.7,0.1524,39.6,0.00294804,121.889
8000.0,0.0,0.2286,71.3,0.00214345,118.024
1600.0,0.0,0.1524,71.3,0.0015988,129.667
10000.0,0.0,0.1524,55.5,0.00172668,119.253
4000.0,7.3,0.2286,39.6,0.0123481,114.079
2500.0,7.2,0.1524,71.3,0.00752039,124.353
1600.0,3.3,0.1016,71.3,0.00202822,133.664
2000.0,2.7,0.1524,39.6,0.00294804,128.139
315.0,9.9,0.1524,71.3,0.0193001,135.459
630.0,19.7,0.0508,39.6,0.036484,120.324
1000.0,3.0,0.3048,71.3,0.00425727,129.004
400.0,0.0,0.2286,31.7,0.0027238,123.635
1250.0,15.4,0.0508,55.5,0.0271925,130.0
10000.0,5.3,0.2286,71.3,0.0051942,111.35
4000.0,9.5,0.0254,55.5,0.0043284,131.582
630.0,4.0,0.2286,31.7,0.00509068,130.349
1600.0,4.8,0.0254,39.6,0.000907475,125.966
800.0,11.2,0.0508,39.6,0.0150478,133.79
5000.0,15.4,0.0508,31.7,0.0289853,112.355
4000.0,2.0,0.2286,55.5,0.00313525,122.232
500.0,3.0,0.3048,71.3,0.00425727,128.454
1600.0,5.4,0.1524,71.3,0.00401199,133.241
5000.0,3.3,0.1016,71.3,0.00202822,127.054
630.0,12.3,0.1016,31.7,0.0418756,119.287
1000.0,1.5,0.3048,39.6,0.00392107,127.581
5000.0,5.3,0.2286,39.6,0.00614329,115.311
1250.0,5.4,0.1524,31.7,0.00525474,123.991
630.0,12.7,0.0254,71.3,0.0121808,128.878
3150.0,9.5,0.0254,71.3,0.00420654,136.166
1250.0,0.0,0.3048,31.7,0.00331266,124.355
1600.0,0.0,0.1524,39.6,0.00193287,131.013
800.0,6.7,0.1016,71.3,0.00478288,134.478
2500.0,5.4,0.1524,39.6,0.00485029,120.497
2000.0,12.6,0.1524,71.3,0.0483159,117.504
3150.0,0.0,0.3048,39.6,0.00310138,120.319
2500.0,5.4,0.1524,71.3,0.00401199,127.591
1000.0,2.7,0.1524,39.6,0.00294804,130.589
4000.0,0.0,0.1524,55.5,0.00172668,127.233
800.0,12.6,0.1524,71.3,0.0483159,123.054
4000.0,5.4,0.1524,31.7,0.00525474,116.181
800.0,15.4,0.0508,31.7,0.0289853,125.555
1250.0,5.3,0.2286,39.6,0.00614329,125.721
1250.0,8.9,0.1016,39.6,0.0124596,127.71
2500.0,8.9,0.1016,39.6,0.0124596,119.19
400.0,5.4,0.1524,71.3,0.00401199,124.121
800.0,6.7,0.1016,55.5,0.0052139,135.953
1600.0,7.3,0.2286,55.5,0.0111706,123.354
6300.0,0.0,0.1524,71.3,0.0015988,125.427
800.0,3.0,0.3048,31.7,0.00529514,128.708
6300.0,3.0,0.3048,71.3,0.00425727,116.134
800.0,0.0,0.0508,55.5,0.00076193,124.336
3150.0,2.0,0.2286,71.3,0.00293031,126.116
400.0,17.4,0.0254,39.6,0.0172206,115.444
1000.0,6.7,0.1016,39.6,0.00578076,134.515
1250.0,2.0,0.2286,39.6,0.00346574,128.257
12500.0,0.0,0.0508,31.7,0.000812164,119.07
8000.0,4.2,0.0508,71.3,0.00142788,125.268
800.0,3.3,0.1016,55.5,0.002211,129.119
630.0,22.2,0.0254,71.3,0.0214178,120.657
630.0,12.3,0.1016,55.5,0.0368233,124.244
500.0,12.3,0.1016,55.5,0.0368233,133.774
5000.0,5.4,0.1524,55.5,0.00433288,118.757
20000.0,0.0,0.2286,71.3,0.00214345,114.474
630.0,3.0,0.3048,71.3,0.00425727,129.354
400.0,0.0,0.3048,31.7,0.00331266,125.045
10000.0,4.0,0.2286,71.3,0.00400603,113.108
400.0,7.3,0.2286,71.3,0.0104404,139.438
800.0,2.0,0.2286,39.6,0.00346574,129.037
3150.0,5.4,0.1524,55.5,0.00433288,121.587
4000.0,15.4,0.0508,71.3,0.0264269,122.675
500.0,7.3,0.2286,55.5,0.0111706,133.174
5000.0,0.0,0.3048,39.6,0.00310138,117.789
1600.0,9.9,0.1524,55.5,0.0208438,119.875
630.0,4.8,0.0254,39.6,0.000907475,118.696
400.0,2.0,0.2286,55.5,0.00313525,122.292
1600.0,4.2,0.0508,39.6,0.00152689,130.197
2000.0,0.0,0.1524,39.6,0.00193287,129.633
315.0,9.9,0.1524,39.6,0.0233328,128.595
315.0,8.9,0.1016,71.3,0.0103088,136.583
2000.0,17.4,0.0254,71.3,0.016104,126.826
800.0,0.0,0.0508,39.6,0.000791822,126.508
5000.0,3.3,0.1016,31.7,0.00251435,122.082
12500.0,4.8,0.0254,55.5,0.000873218,125.094
10000.0,4.8,0.0254,71.3,0.000848633,127.398
10000.0,7.2,0.1524,39.6,0.00909175,110.868
8000.0,4.0,0.2286,39.6,0.00473801,113.129
6300.0,17.4,0.0254,71.3,0.016104,119.916
4000.0,4.0,0.2286,39.6,0.00473801,119.159
5000.0,7.2,0.1524,71.3,0.00752039,118.343
3150.0,3.0,0.3048,71.3,0.00425727,121.514
800.0,12.3,0.1016,71.3,0.0337792,127.318
400.0,15.4,0.0508,39.6,0.0282593,125.353
3150.0,9.9,0.1524,55.5,0.0208438,115.085
250.0,12.6,0.1524,71.3,0.0483159,129.744
12500.0,0.0,0.1524,71.3,0.0015988,117.087
1600.0,0.0,0.3048,31.7,0.00331266,122.365
800.0,3.3,0.1016,39.6,0.00245138,129.991
800.0,7.3,0.2286,31.7,0.0132672,123.209
500.0,17.4,0.0254,55.5,0.0165706,119.621
800.0,11.2,0.0508,71.3,0.014072,136.031
630.0,4.0,0.3048,39.6,0.00579636,131.073
200.0,7.3,0.2286,71.3,0.0104404,138.758
250.0,9.9,0.1524,55.5,0.0208438,133.235
315.0,11.2,0.0508,71.3,0.014072,128.381
1600.0,4.0,0.3048,39.6,0.00579636,123.213
6300.0,15.4,0.0508,71.3,0.0264269,115.215
200.0,11.2,0.0508,71.3,0.014072,125.941
2500.0,4.2,0.0508,71.3,0.00142788,131.978
315.0,5.3,0.2286,39.6,0.00614329,129.691
800.0,3.0,0.3048,39.6,0.00495741,129.552
400.0,8.4,0.0508,39.6,0.00566229,120.015
4000.0,12.3,0.1016,71.3,0.0337792,118.018
400.0,22.2,0.0254,39.6,0.0229028,123.416
4000.0,0.0,0.2286,55.5,0.00229336,123.41
10000.0,1.5,0.3048,39.6,0.00392107,108.991
400.0,19.7,0.0508,71.3,0.0341183,123.865
500.0,19.7,0.0508,39.6,0.036484,128.444
10000.0,0.0,0.1524,71.3,0.0015988,120.247
630.0,15.4,0.0508,55.5,0.0271925,129.33
400.0,12.3,0.1016,71.3,0.0337792,139.428
6300.0,3.0,0.3048,31.7,0.00529514,109.718
3150.0,0.0,0.1016,31.7,0.00150092,129.973
1000.0,12.3,0.1016,39.6,0.0408268,122.435
630.0,7.3,0.2286,71.3,0.0104404,133.768
1600.0,4.8,0.0254,55.5,0.000873218,121.474
1000.0,0.0,0.0508,71.3,0.000740478,129.45
16000.0,4.8,0.0254,71.3,0.000848633,124.208
4000.0,17.4,0.0254,55.5,0.0165706,121.771
5000.0,0.0,0.1016,71.3,0.00121072,130.795
800.0,8.4,0.0508,39.6,0.00566229,128.435
250.0,15.4,0.0508,31.7,0.0289853,121.225
315.0,12.3,0.1016,55.5,0.0368233,135.674
3150.0,4.0,0.2286,71.3,0.00400603,124.108
2000.0,9.5,0.0254,55.5,0.0043284,134.052
2000.0,6.7,0.1016,39.6,0.00578076,122.235
800.0,4.0,0.2286,31.7,0.00509068,130.869
2500.0,0.0,0.3048,55.5,0.00283081,124.106
200.0,15.6,0.1016,39.6,0.0528487,123.514
20000.0,0.0,0.0254,71.3,0.000400682,123.217
12500.0,4.2,0.0508,71.3,0.00142788,117.328
4000.0,0.0,0.0508,31.7,0.000812164,134.11
800.0,8.4,0.0508,71.3,0.00529514,127.556
5000.0,15.4,0.0508,55.5,0.0271925,117.11
315.0,9.5,0.0254,39.6,0.00449821,119.294
1600.0,4.2,0.0508,71.3,0.00142788,124.318
4000.0,0.0,0.1524,31.7,0.00209405,123.807
3150.0,2.0,0.2286,55.5,0.00313525,123.742
315.0,9.9,0.1524,55.5,0.0208438,132.355
1250.0,12.3,0.1016,31.7,0.0418756,118.767
800.0,3.0,0.3048,71.3,0.00425727,129.494
4000.0,9.5,0.0254,71.3,0.00420654,134.236
1600.0,9.9,0.1524,31.7,0.0252785,117.119
6300.0,4.2,0.0508,71.3,0.00142788,129.308
800.0,0.0,0.3048,39.6,0.00310138,129.099
2500.0,9.9,0.1524,31.7,0.0252785,114.729
1000.0,11.2,0.0508,71.3,0.014072,136.941
500.0,17.4,0.0254,39.6,0.0172206,117.514
630.0,0.0,0.1016,31.7,0.00150092,126.413
8000.0,5.4,0.1524,55.5,0.00433288,114.927
500.0,15.4,0.0508,31.7,0.0289853,123.695
1250.0,2.0,0.2286,55.5,0.00313525,128.762
1000.0,0.0,0.1524,71.3,0.0015988,127.307
2000.0,0.0,0.2286,71.3,0.00214345,128.244
630.0,6.7,0.1016,55.5,0.0052139,133.023
315.0,12.3,0.1016,31.7,0.0418756,124.717
5000.0,9.9,0.1524,39.6,0.0233328,111.135
800.0,0.0,0.1016,55.5,0.00131983,127.92
1250.0,0.0,0.0508,71.3,0.000740478,128.56
3150.0,15.6,0.1016,71.3,0.0437259,116.468
2000.0,7.3,0.2286,31.7,0.0132672,115.309
6300.0,4.0,0.2286,39.6,0.00473801,114.249
2500.0,15.4,0.0508,55.5,0.0271925,125.63
1000.0,0.0,0.0508,31.7,0.000812164,126.78
800.0,8.9,0.1016,39.6,0.0124596,130.94
630.0,12.3,0.1016,71.3,0.0337792,135.368
6300.0,9.9,0.1524,55.5,0.0208438,110.555
1250.0,11.2,0.0508,39.6,0.0150478,130.05
5000.0,9.9,0.1524,31.7,0.0252785,109.949
3150.0,0.0,0.0508,39.6,0.000791822,135.938
1250.0,0.0,0.1524,71.3,0.0015988,128.927
1600.0,7.2,0.1524,39.6,0.00909175,120.058
4000.0,0.0,0.3048,31.7,0.00331266,118.145
800.0,7.3,0.2286,39.6,0.0123481,126.299
6300.0,2.0,0.2286,55.5,0.00313525,118.712
1250.0,7.3,0.2286,55.5,0.0111706,125.724
1250.0,0.0,0.2286,31.7,0.0027238,128.805
1600.0,0.0,0.1016,31.7,0.00150092,133.553
630.0,6.7,0.1016,71.3,0.00478288,131.448
200.0,9.9,0.1524,31.7,0.0252785,127.299
800.0,5.3,0.2286,39.6,0.00614329,129.491
8000.0,0.0,0.1016,31.7,0.00150092,120.193
6300.0,9.5,0.0254,39.6,0.00449821,120.324
2000.0,4.0,0.2286,39.6,0.00473801,121.659
3150.0,12.3,0.1016,71.3,0.0337792,120.798
630.0,3.0,0.3048,55.5,0.00452492,129.569
2500.0,0.0,0.1524,31.7,0.00209405,125.867
3150.0,4.2,0.0508,39.6,0.00152689,133.587
8000.0,2.0,0.2286,71.3,0.00293031,115.996
200.0,11.2,0.0508,39.6,0.0150478,125.01
3150.0,8.4,0.0508,71.3,0.00529514,131.966
630.0,3.3,0.1016,39.6,0.00245138,127.251
1250.0,4.0,0.2286,39.6,0.00473801,128.339
1250.0,12.3,0.1016,55.5,0.0368233,124.214
3150.0,3.3,0.1016,55.5,0.002211,130.629
800.0,0.0,0.1524,55.5,0.00172668,126.713
1600.0,22.2,0.0254,71.3,0.0214178,131.817
5000.0,8.9,0.1016,39.6,0.0124596,113.08
5000.0,3.0,0.3048,55.5,0.00452492,117.309
800.0,8.4,0.0508,31.7,0.00580776,128.246
1000.0,0.0,0.1016,39.6,0.00146332,130.781
2000.0,12.6,0.1524,39.6,0.0584113,109.52
3150.0,3.0,0.3048,39.6,0.00495741,118.922
2500.0,17.4,0.0254,31.7,0.0176631,124.166
630.0,8.9,0.1016,39.6,0.0124596,131.92
200.0,19.7,0.0508,71.3,0.0341183,118.005
500.0,5.4,0.1524,31.7,0.00525474,129.681
315.0,0.0,0.2286,55.5,0.00229336,119.54
800.0,5.3,0.2286,71.3,0.0051942,133.48
6300.0,15.4,0.0508,31.7,0.0289853,108.185
2000.0,0.0,0.0508,71.3,0.000740478,131.06
400.0,9.9,0.1524,71.3,0.0193001,135.079
400.0,8.9,0.1016,71.3,0.0103088,138.123
3150.0,4.0,0.3048,39.6,0.00579636,118.743
1000.0,17.4,0.0254,55.5,0.0165706,126.001
1000.0,4.0,0.3048,39.6,0.00579636,128.723
800.0,3.3,0.1016,71.3,0.00202822,131.074
1000.0,15.6,0.1016,71.3,0.0437259,124.438
500.0,17.4,0.0254,71.3,0.016104,119.806
2000.0,12.3,0.1016,31.7,0.0418756,110.447
4000.0,4.0,0.3048,71.3,0.00497773,119.535
1000.0,4.0,0.3048,71.3,0.00497773,131.015
500.0,0.0,0.2286,31.7,0.0027238,126.675
500.0,0.0,0.1524,39.6,0.00193287,119.513
1600.0,2.0,0.2286,39.6,0.00346574,125.837
1600.0,3.3,0.1016,39.6,0.00245138,133.071
3150.0,9.9,0.1524,31.7,0.0252785,112.209
3150.0,2.7,0.1524,39.6,0.00294804,122.919
250.0,12.3,0.1016,39.6,0.0408268,129.675
3150.0,7.2,0.1524,39.6,0.00909175,111.818
3150.0,0.0,0.0508,71.3,0.000740478,135.07
1600.0,0.0,0.3048,55.5,0.00283081,126.986
2000.0,9.5,0.0254,39.6,0.00449821,131.274
315.0,15.4,0.0508,39.6,0.0282593,124.493
4000.0,0.0,0.1016,39.6,0.00146332,127.801
800.0,19.7,0.0508,71.3,0.0341183,124.555
4000.0,4.8,0.0254,39.6,0.000907475,134.996
630.0,0.0,0.1016,55.5,0.00131983,126.17
630.0,9.5,0.0254,55.5,0.0043284,125.452
800.0,5.4,0.1524,71.3,0.00401199,131.281
1600.0,3.0,0.3048,31.7,0.00529514,122.088
250.0,11.2,0.0508,71.3,0.014072,127.101
800.0,0.0,0.0508,31.7,0.000812164,122.79
800.0,4.0,0.2286,71.3,0.00400603,130.688
1600.0,7.3,0.2286,39.6,0.0123481,121.059
8000.0,0.0,0.0254,71.3,0.000400682,129.867
400.0,1.5,0.3048,39.6,0.00392107,124.001
1250.0,19.7,0.0508,71.3,0.0341183,121.485
4000.0,22.2,0.0254,71.3,0.0214178,123.917
2000.0,11.2,0.0508,71.3,0.014072,133.311
200.0,15.6,0.1016,71.3,0.0437259,130.898
10000.0,0.0,0.0254,55.5,0.00041229,134.563
6300.0,2.7,0.1524,39.6,0.00294804,119.209
3150.0,1.5,0.3048,39.6,0.00392107,119.111
1250.0,7.2,0.1524,39.6,0.00909175,122.428
500.0,12.3,0.1016,71.3,0.0337792,140.158
1000.0,22.2,0.0254,71.3,0.0214178,134.247
500.0,5.4,0.1524,55.5,0.00433288,129.367
1000.0,4.0,0.2286,39.6,0.00473801,129.969
500.0,4.0,0.3048,39.6,0.00579636,130.173
1000.0,12.7,0.0254,71.3,0.0121808,131.698
1000.0,8.9,0.1016,39.6,0.0124596,129.58
1000.0,4.2,0.0508,39.6,0.00152689,125.647
4000.0,5.3,0.2286,39.6,0.00614329,115.801
2500.0,3.3,0.1016,71.3,0.00202822,133.894
315.0,12.6,0.1524,39.6,0.0584113,116.02
1250.0,6.7,0.1016,31.7,0.00592927,129.256
500.0,3.0,0.3048,39.6,0.00495741,127.632
1000.0,0.0,0.0508,39.6,0.000791822,127.638
2000.0,5.3,0.2286,39.6,0.00614329,117.911
5000.0,1.5,0.3048,39.6,0.00392107,116.241
800.0,12.7,0.0254,39.6,0.0130253,130.217
1250.0,0.0,0.0508,31.7,0.000812164,129.27
1600.0,8.9,0.1016,39.6,0.0124596,123.82
1250.0,3.3,0.1016,55.5,0.002211,132.769
4000.0,3.3,0.1016,39.6,0.00245138,124.881
6300.0,12.3,0.1016,31.7,0.0418756,107.267
1600.0,15.4,0.0508,39.6,0.0282593,124.843
5000.0,0.0,0.1524,55.5,0.00172668,125.203
6300.0,3.3,0.1016,71.3,0.00202822,124.904
6300.0,12.3,0.1016,39.6,0.0408268,107.985
1000.0,6.7,0.1016,31.7,0.00592927,131.636
630.0,0.0,0.1016,71.3,0.00121072,124.155
2000.0,3.0,0.3048,39.6,0.00495741,120.532
500.0,8.9,0.1016,39.6,0.0124596,133.79
400.0,0.0,0.2286,55.5,0.00229336,121.66
5000.0,0.0,0.3048,31.7,0.00331266,115.645
1600.0,12.3,0.1016,55.5,0.0368233,121.824
1600.0,19.7,0.0508,39.6,0.036484,117.604
3150.0,8.4,0.0508,39.6,0.00566229,123.965
400.0,11.2,0.0508,71.3,0.014072,129.281
4000.0,12.7,0.0254,71.3,0.0121808,131.808
1250.0,9.5,0.0254,31.7,0.00461377,131.446
2000.0,0.0,0.1016,71.3,0.00121072,132.095
4000.0,12.3,0.1016,31.7,0.0418756,108.407
1000.0,8.4,0.0508,31.7,0.00580776,129.516
1250.0,12.3,0.1016,71.3,0.0337792,126.648
16000.0,0.0,0.0254,55.5,0.00041229,125.683
12500.0,0.0,0.1524,55.5,0.00172668,117.093
500.0,8.4,0.0508,55.5,0.00544854,123.742
4000.0,0.0,0.0254,31.7,0.000439472,137.047
12500.0,0.0,0.0254,55.5,0.00041229,131.453
12500.0,0.0,0.1016,55.5,0.00131983,119.91
2500.0,0.0,0.1016,39.6,0.00146332,132.611
4000.0,7.3,0.2286,31.7,0.0132672,112.639
315.0,7.3,0.2286,31.7,0.0132672,130.239
6300.0,5.3,0.2286,71.3,0.0051942,116.92
5000.0,8.4,0.0508,71.3,0.00529514,121.146
800.0,0.0,0.1524,71.3,0.0015988,125.817
2500.0,0.0,0.0254,31.7,0.000439472,132.897
5000.0,3.3,0.1016,55.5,0.002211,124.839
5000.0,4.0,0.2286,55.5,0.0042862,120.034
3150.0,22.2,0.0254,71.3,0.0214178,124.127
10000.0,0.0,0.3048,39.6,0.00310138,112.139
5000.0,7.3,0.2286,55.5,0.0111706,113.144
800.0,2.7,0.1524,39.6,0.00294804,128.829
10000.0,12.7,0.0254,71.3,0.0121808,114.418
6300.0,2.7,0.1524,71.3,0.00243851,121.944
6300.0,4.8,0.0254,31.7,0.000930789,132.898
1600.0,9.5,0.0254,31.7,0.00461377,131.036
315.0,12.3,0.1016,39.6,0.0408268,129.415
315.0,0.0,0.2286,39.6,0.00253511,121.055
3150.0,11.2,0.0508,39.6,0.0150478,119.67
400.0,7.3,0.2286,31.7,0.0132672,130.269
630.0,9.9,0.1524,55.5,0.0208438,127.315
5000.0,0.0,0.3048,55.5,0.00283081,119.606
630.0,5.3,0.2286,39.6,0.00614329,132.011
4000.0,7.3,0.2286,71.3,0.0104404,119.208
6300.0,12.6,0.1524,71.3,0.0483159,107.284
1000.0,7.3,0.2286,31.7,0.0132672,119.099
3150.0,0.0,0.2286,39.6,0.00253511,124.625
8000.0,3.3,0.1016,39.6,0.00245138,118.091
800.0,1.5,0.3048,71.3,0.00336729,127.122
5000.0,2.7,0.1524,39.6,0.00294804,121.499
2500.0,15.4,0.0508,39.6,0.0282593,122.413
8000.0,0.0,0.1016,55.5,0.00131983,124.45
1250.0,12.6,0.1524,39.6,0.0584113,112.16
1250.0,0.0,0.1016,55.5,0.00131983,131.43
500.0,7.3,0.2286,39.6,0.0123481,130.299
250.0,22.2,0.0254,39.6,0.0229028,117.386
1600.0,15.6,0.1016,39.6,0.0528487,114.554
5000.0,15.4,0.0508,71.3,0.0264269,119.135
500.0,12.3,0.1016,31.7,0.0418756,118.667
3150.0,12.7,0.0254,39.6,0.0130253,127.847
1250.0,12.7,0.0254,71.3,0.0121808,133.048
1600.0,9.9,0.1524,39.6,0.0233328,118.545
1000.0,5.3,0.2286,71.3,0.0051942,134.0
5000.0,4.8,0.0254,39.6,0.000907475,135.426
10000.0,0.0,0.2286,71.3,0.00214345,118.134
5000.0,9.5,0.0254,71.3,0.00420654,131.186
4000.0,0.0,0.1016,31.7,0.00150092,126.933
315.0,15.4,0.0508,31.7,0.0289853,122.845
5000.0,4.0,0.2286,71.3,0.00400603,121.118
630.0,12.6,0.1524,71.3,0.0483159,123.304
16000.0,0.0,0.0254,71.3,0.000400682,130.477
5000.0,15.6,0.1016,39.6,0.0528487,106.224
800.0,4.0,0.2286,39.6,0.00473801,130.469
250.0,17.4,0.0254,31.7,0.0176631,116.956
5000.0,12.3,0.1016,55.5,0.0368233,112.014
10000.0,3.3,0.1016,39.6,0.00245138,115.321
1250.0,12.7,0.0254,39.6,0.0130253,130.777
6300.0,0.0,0.3048,31.7,0.00331266,113.775
200.0,12.3,0.1016,71.3,0.0337792,130.588
500.0,8.4,0.0508,31.7,0.00580776,122.966
250.0,9.9,0.1524,31.7,0.0252785,128.559
2000.0,5.4,0.1524,71.3,0.00401199,131.111
2500.0,0.0,0.0508,55.5,0.00076193,133.956
630.0,2.7,0.1524,71.3,0.00243851,127.404
630.0,0.0,0.1524,55.5,0.00172668,123.583
2000.0,2.7,0.1524,71.3,0.00243851,130.114
1250.0,17.4,0.0254,31.7,0.0176631,128.306
1600.0,6.7,0.1016,55.5,0.0052139,133.653
200.0,22.2,0.0254,39.6,0.0229028,116.066
500.0,2.0,0.2286,71.3,0.00293031,126.486
1250.0,1.5,0.3048,39.6,0.00392107,125.211
1000.0,12.6,0.1524,71.3,0.0483159,122.044
1250.0,7.3,0.2286,31.7,0.0132672,120.509
800.0,0.0,0.1524,39.6,0.00193287,127.903
800.0,0.0,0.1016,39.6,0.00146332,128.401
6300.0,0.0,0.1524,31.7,0.00209405,119.737
250.0,7.3,0.2286,39.6,0.0123481,131.889
4000.0,0.0,0.1524,39.6,0.00193287,125.343
800.0,12.3,0.1016,39.6,0.0408268,122.315
630.0,7.3,0.2286,55.5,0.0111706,130.934
1600.0,2.0,0.2286,71.3,0.00293031,127.796
2500.0,8.4,0.0508,71.3,0.00529514,134.226
10000.0,0.0,0.0254,31.7,0.000439472,134.227
1000.0,22.2,0.0254,39.6,0.0229028,128.416
500.0,2.0,0.2286,55.5,0.00313525,124.692
500.0,15.6,0.1016,39.6,0.0528487,115.304
2500.0,0.0,0.1016,31.7,0.00150092,132.003
1250.0,22.2,0.0254,71.3,0.0214178,140.987
6300.0,0.0,0.1524,55.5,0.00172668,123.303
400.0,2.0,0.2286,71.3,0.00293031,125.116
4000.0,2.0,0.2286,71.3,0.00293031,124.086
2500.0,9.5,0.0254,31.7,0.00461377,130.086
4000.0,15.6,0.1016,71.3,0.0437259,113.298
8000.0,0.0,0.0254,55.5,0.00041229,136.163
10000.0,0.0,0.1016,39.6,0.00146332,119.561
500.0,4.0,0.3048,71.3,0.00497773,130.715
1250.0,22.2,0.0254,39.6,0.0229028,126.446
315.0,12.3,0.1016,71.3,0.0337792,137.068
20000.0,4.8,0.0254,55.5,0.000873218,121.284
2500.0,0.0,0.2286,31.7,0.0027238,123.445
10000.0,0.0,0.0508,55.5,0.00076193,127.636
5000.0,0.0,0.0254,39.6,0.000428464,136.536
4000.0,12.7,0.0254,39.6,0.0130253,126.537
1250.0,1.5,0.3048,71.3,0.00336729,125.872
1600.0,3.0,0.3048,39.6,0.00495741,122.782
1600.0,3.3,0.1016,31.7,0.00251435,133.402
200.0,17.4,0.0254,31.7,0.0176631,116.146
2500.0,6.7,0.1016,71.3,0.00478288,131.458
6300.0,5.4,0.1524,39.6,0.00485029,116.677
3150.0,5.3,0.2286,39.6,0.00614329,118.441
1250.0,3.3,0.1016,71.3,0.00202822,132.304
250.0,12.3,0.1016,71.3,0.0337792,131.568
200.0,9.9,0.1524,55.5,0.0208438,131.955
6300.0,9.5,0.0254,55.5,0.0043284,124.222
3150.0,2.0,0.2286,31.7,0.00372371,121.527
1250.0,3.3,0.1016,31.7,0.00251435,134.022
8000.0,22.2,0.0254,71.3,0.0214178,121.657
6300.0,7.3,0.2286,71.3,0.0104404,115.818
630.0,5.4,0.1524,39.6,0.00485029,132.357
400.0,12.7,0.0254,39.6,0.0130253,125.527
4000.0,3.3,0.1016,31.7,0.00251435,124.852
1600.0,15.4,0.0508,71.3,0.0264269,130.065
1000.0,0.0,0.0254,31.7,0.000439472,125.127
400.0,17.4,0.0254,71.3,0.016104,117.396
8000.0,3.3,0.1016,31.7,0.00251435,117.432
400.0,17.4,0.0254,55.5,0.0165706,115.461
315.0,4.0,0.3048,71.3,0.00497773,128.175
3150.0,15.4,0.0508,39.6,0.0282593,120.513
630.0,8.4,0.0508,55.5,0.00544854,126.152
800.0,4.0,0.3048,39.6,0.00579636,130.723
4000.0,1.5,0.3048,39.6,0.00392107,117.741
1600.0,7.3,0.2286,31.7,0.0132672,119.039
800.0,12.3,0.1016,31.7,0.0418756,120.037
8000.0,7.2,0.1524,71.3,0.00752039,113.333
4000.0,1.5,0.3048,71.3,0.00336729,121.762
4000.0,8.4,0.0508,55.5,0.00544854,122.612
5000.0,4.0,0.3048,39.6,0.00579636,113.733
5000.0,7.3,0.2286,71.3,0.0104404,115.298
250.0,7.3,0.2286,31.7,0.0132672,130.089
6300.0,9.9,0.1524,71.3,0.0193001,112.039
500.0,0.0,0.1524,31.7,0.00209405,121.617
5000.0,0.0,0.2286,31.7,0.0027238,120.505
12500.0,1.5,0.3048,39.6,0.00392107,106.111
1600.0,5.4,0.1524,31.7,0.00525474,123.761
2500.0,2.7,0.1524,71.3,0.00243851,128.334
315.0,15.4,0.0508,71.3,0.0264269,126.195
5000.0,15.4,0.0508,39.6,0.0282593,114.453
400.0,4.0,0.3048,39.6,0.00579636,128.633
5000.0,9.9,0.1524,71.3,0.0193001,114.569
800.0,22.2,0.0254,39.6,0.0229028,137.076
16000.0,0.0,0.1524,71.3,0.0015988,113.297
4000.0,0.0,0.2286,31.7,0.0027238,122.035
2500.0,0.0,0.0254,39.6,0.000428464,131.836
200.0,8.9,0.1016,71.3,0.0103088,133.503
16000.0,0.0,0.2286,71.3,0.00214345,114.984
400.0,2.0,0.2286,31.7,0.00372371,123.417
630.0,17.4,0.0254,39.6,0.0172206,124.514
6300.0,7.2,0.1524,71.3,0.00752039,116.603
10000.0,3.3,0.1016,71.3,0.00202822,116.694
6300.0,4.0,0.2286,55.5,0.0042862,117.154
2000.0,7.3,0.2286,39.6,0.0123481,117.809
5000.0,0.0,0.2286,39.6,0.00253511,122.175
500.0,7.3,0.2286,31.7,0.0132672,128.169
630.0,0.0,0.3048,39.6,0.00310138,128.629
1250.0,0.0,0.3048,71.3,0.00266337,125.951
500.0,7.3,0.2286,71.3,0.0104404,136.798
2500.0,4.8,0.0254,39.6,0.000907475,131.236
1600.0,12.3,0.1016,39.6,0.0408268,117.875
2500.0,4.8,0.0254,71.3,0.000848633,130.828
6300.0,12.3,0.1016,55.5,0.0368233,110.124
2500.0,22.2,0.0254,39.6,0.0229028,121.306
1250.0,8.9,0.1016,71.3,0.0103088,132.793
3150.0,1.5,0.3048,71.3,0.00336729,123.392
3150.0,19.7,0.0508,71.3,0.0341183,116.225
2500.0,0.0,0.1524,71.3,0.0015988,128.127
12500.0,0.0,0.2286,71.3,0.00214345,117.624
5000.0,8.9,0.1016,71.3,0.0103088,116.723
2500.0,0.0,0.0508,39.6,0.000791822,134.938
2000.0,1.5,0.3048,39.6,0.00392107,122.101
500.0,0.0,0.3048,39.6,0.00310138,126.959
6300.0,12.7,0.0254,39.6,0.0130253,123.177
3150.0,2.0,0.2286,39.6,0.00346574,121.627
630.0,19.7,0.0508,71.3,0.0341183,128.365
2000.0,9.9,0.1524,39.6,0.0233328,117.925
1000.0,0.0,0.2286,39.6,0.00253511,130.435
2000.0,12.3,0.1016,71.3,0.0337792,122.218
630.0,15.4,0.0508,31.7,0.0289853,124.685
1000.0,5.4,0.1524,55.5,0.00433288,132.127
2500.0,12.7,0.0254,71.3,0.0121808,134.058
630.0,7.3,0.2286,31.7,0.0132672,126.189
2000.0,7.2,0.1524,39.6,0.00909175,120.228
1250.0,5.4,0.1524,71.3,0.00401199,134.111
4000.0,0.0,0.2286,71.3,0.00214345,125.824
630.0,3.0,0.3048,39.6,0.00495741,129.292
1000.0,12.7,0.0254,39.6,0.0130253,130.947
1250.0,0.0,0.2286,71.3,0.00214345,128.144
2500.0,4.0,0.2286,39.6,0.00473801,119.649
2000.0,6.7,0.1016,71.3,0.00478288,134.568
4000.0,9.5,0.0254,39.6,0.00449821,127.864
1000.0,9.5,0.0254,55.5,0.0043284,130.332
4000.0,2.0,0.2286,31.7,0.00372371,120.527
315.0,2.0,0.2286,39.6,0.00346574,120.137
2000.0,0.0,0.0508,55.5,0.00076193,131.456
1250.0,9.5,0.0254,39.6,0.00449821,130.964
315.0,11.2,0.0508,39.6,0.0150478,128.99
4000.0,4.2,0.0508,39.6,0.00152689,131.807
1250.0,0.0,0.2286,39.6,0.00253511,129.395
1600.0,3.3,0.1016,55.5,0.002211,133.649
6300.0,9.9,0.1524,39.6,0.0233328,109.885
630.0,7.2,0.1524,71.3,0.00752039,134.853
1600.0,2.0,0.2286,55.5,0.00313525,126.752
10000.0,3.0,0.3048,71.3,0.00425727,110.224
800.0,2.0,0.2286,71.3,0.00293031,128.216
6300.0,0.0,0.2286,39.6,0.00253511,117.465
200.0,19.7,0.0508,39.6,0.036484,125.974
1600.0,8.4,0.0508,55.5,0.00544854,133.032
500.0,19.7,0.0508,71.3,0.0341183,126.995
2000.0,0.0,0.3048,39.6,0.00310138,123.689
250.0,9.9,0.1524,39.6,0.0233328,128.335
1600.0,2.7,0.1524,39.6,0.00294804,130.049
630.0,5.4,0.1524,31.7,0.00525474,131.471
250.0,15.6,0.1016,71.3,0.0437259,132.158
200.0,9.9,0.1524,71.3,0.0193001,134.319
4000.0,0.0,0.3048,71.3,0.00266337,123.061
315.0,4.0,0.3048,39.6,0.00579636,126.843
5000.0,2.0,0.2286,39.6,0.00346574,118.827
500.0,3.0,0.3048,55.5,0.00452492,128.179
2000.0,0.0,0.2286,39.6,0.00253511,125.305
800.0,2.0,0.2286,55.5,0.00313525,128.492
250.0,17.4,0.0254,39.6,0.0172206,114.714
4000.0,9.9,0.1524,55.5,0.0208438,112.945
8000.0,1.5,0.3048,71.3,0.00336729,115.372
1000.0,6.7,0.1016,55.5,0.0052139,137.233
2000.0,12.3,0.1016,39.6,0.0408268,114.085
315.0,8.9,0.1016,39.6,0.0124596,135.38
500.0,2.0,0.2286,39.6,0.00346574,125.157
10000.0,2.7,0.1524,71.3,0.00243851,116.724
250.0,4.0,0.3048,39.6,0.00579636,123.543
400.0,9.5,0.0254,31.7,0.00461377,124.756
8000.0,4.2,0.0508,39.6,0.00152689,120.397
1600.0,8.4,0.0508,39.6,0.00566229,130.965
1000.0,2.0,0.2286,39.6,0.00346574,129.147
2000.0,7.3,0.2286,71.3,0.0104404,122.708
3150.0,9.5,0.0254,39.6,0.00449821,129.934
3150.0,8.4,0.0508,55.5,0.00544854,128.402
800.0,0.0,0.3048,31.7,0.00331266,129.235
500.0,5.4,0.1524,71.3,0.00401199,126.291
12500.0,0.0,0.3048,71.3,0.00266337,112.241
630.0,9.9,0.1524,31.7,0.0252785,126.049
500.0,6.7,0.1016,39.6,0.00578076,130.955
4000.0,7.2,0.1524,39.6,0.00909175,114.258
2500.0,11.2,0.0508,71.3,0.014072,130.541
4000.0,0.0,0.0254,39.6,0.000428464,135.346
1250.0,15.4,0.0508,31.7,0.0289853,123.255
630.0,2.0,0.2286,55.5,0.00313525,126.842
2500.0,9.9,0.1524,55.5,0.0208438,118.365
2000.0,3.0,0.3048,71.3,0.00425727,125.524
6300.0,0.0,0.0508,55.5,0.00076193,132.796
1600.0,0.0,0.1524,55.5,0.00172668,130.183
3150.0,17.4,0.0254,31.7,0.0176631,123.466
1250.0,4.0,0.3048,71.3,0.00497773,129.395
5000.0,12.3,0.1016,71.3,0.0337792,116.108
1600.0,0.0,0.0508,55.5,0.00076193,128.576
2000.0,0.0,0.0254,31.7,0.000439472,130.697
2500.0,5.3,0.2286,39.6,0.00614329,116.151
800.0,22.2,0.0254,71.3,0.0214178,123.227
6300.0,3.3,0.1016,55.5,0.002211,123.839
1000.0,0.0,0.1524,39.6,0.00193287,130.033
3150.0,7.2,0.1524,71.3,0.00752039,116.783
1250.0,0.0,0.1016,39.6,0.00146332,132.271
2000.0,0.0,0.0254,55.5,0.00041229,127.623
200.0,17.4,0.0254,71.3,0.016104,112.506
10000.0,0.0,0.0254,39.6,0.000428464,133.376
200.0,9.5,0.0254,31.7,0.00461377,119.146
2500.0,0.0,0.1016,71.3,0.00121072,132.595
5000.0,5.4,0.1524,71.3,0.00401199,120.061
500.0,9.9,0.1524,31.7,0.0252785,127.179
1000.0,9.5,0.0254,39.6,0.00449821,130.374
800.0,7.3,0.2286,71.3,0.0104404,130.748
400.0,5.4,0.1524,31.7,0.00525474,127.781
2500.0,11.2,0.0508,39.6,0.0150478,122.17
1600.0,12.3,0.1016,31.7,0.0418756,114.477
400.0,7.3,0.2286,39.6,0.0123481,132.039
315.0,17.4,0.0254,39.6,0.0172206,115.144
2500.0,4.0,0.3048,71.3,0.00497773,123.775
8000.0,4.8,0.0254,31.7,0.000930789,127.008
6300.0,3.3,0.1016,39.6,0.00245138,120.851
800.0,4.8,0.0254,39.6,0.000907475,120.766
5000.0,1.5,0.3048,71.3,0.00336729,119.632
1250.0,2.0,0.2286,71.3,0.00293031,128.816
1600.0,1.5,0.3048,71.3,0.00336729,126.632
500.0,7.2,0.1524,71.3,0.00752039,132.043
800.0,9.5,0.0254,39.6,0.00449821,129.014
315.0,15.4,0.0508,55.5,0.0271925,125.39
500.0,15.6,0.1016,71.3,0.0437259,130.638
1250.0,4.0,0.2286,55.5,0.0042862,131.264
5000.0,5.4,0.1524,31.7,0.00525474,115.691
500.0,4.0,0.2286,31.7,0.00509068,128.939
2000.0,5.4,0.1524,31.7,0.00525474,122.771
630.0,17.4,0.0254,55.5,0.0165706,122.411
2000.0,11.2,0.0508,39.6,0.0150478,124.42
2000.0,4.0,0.3048,71.3,0.00497773,124.395
12500.0,0.0,0.3048,39.6,0.00310138,109.619
250.0,19.7,0.0508,39.6,0.036484,127.224
2000.0,3.3,0.1016,55.5,0.002211,133.649
12500.0,0.0,0.0254,39.6,0.000428464,129.116
5000.0,2.7,0.1524,71.3,0.00243851,124.364
5000.0,17.4,0.0254,55.5,0.0165706,118.941
6300.0,5.4,0.1524,31.7,0.00525474,115.591
2000.0,0.0,0.3048,31.7,0.00331266,122.375
1000.0,9.9,0.1524,31.7,0.0252785,122.149
2500.0,3.3,0.1016,55.5,0.002211,132.889
400.0,0.0,0.3048,39.6,0.00310138,124.809
500.0,4.0,0.2286,55.5,0.0042862,127.314
630.0,9.9,0.1524,39.6,0.0233328,126.465
2500.0,0.0,0.3048,71.3,0.00266337,125.571
12500.0,0.0,0.0254,31.7,0.000439472,128.977
1000.0,2.7,0.1524,71.3,0.00243851,128.774
8000.0,3.0,0.3048,55.5,0.00452492,113.799
3150.0,3.3,0.1016,39.6,0.00245138,128.401
4000.0,9.5,0.0254,31.7,0.00461377,126.736
800.0,9.9,0.1524,71.3,0.0193001,128.879
5000.0,0.0,0.1524,31.7,0.00209405,122.397
8000.0,0.0,0.0508,39.6,0.000791822,128.518
250.0,4.0,0.2286,31.7,0.00509068,120.189
2500.0,0.0,0.1524,55.5,0.00172668,127.763
4000.0,17.4,0.0254,39.6,0.0172206,122.724
315.0,15.6,0.1016,39.6,0.0528487,122.754
2500.0,0.0,0.0508,31.7,0.000812164,134.87
4000.0,3.3,0.1016,55.5,0.002211,127.229
3150.0,9.5,0.0254,31.7,0.00461377,128.536
630.0,0.0,0.3048,55.5,0.00283081,127.696
3150.0,17.4,0.0254,55.5,0.0165706,124.101
3150.0,17.4,0.0254,39.6,0.0172206,123.564
250.0,0.0,0.3048,31.7,0.00331266,118.595
2500.0,17.4,0.0254,39.6,0.0172206,124.154
400.0,4.0,0.3048,71.3,0.00497773,129.575
10000.0,12.7,0.0254,39.6,0.0130253,116.017
630.0,12.7,0.0254,39.6,0.0130253,128.867
400.0,6.7,0.1016,39.6,0.00578076,128.295
500.0,9.5,0.0254,39.6,0.00449821,123.894
315.0,17.4,0.0254,55.5,0.0165706,111.911
1250.0,2.7,0.1524,39.6,0.00294804,130.829
2000.0,3.3,0.1016,31.7,0.00251435,131.642
4000.0,12.3,0.1016,39.6,0.0408268,110.905
2500.0,4.0,0.2286,71.3,0.00400603,124.338
6300.0,0.0,0.1016,55.5,0.00131983,127.73
1000.0,9.5,0.0254,71.3,0.00420654,129.556
1000.0,4.0,0.2286,55.5,0.0042862,132.134
630.0,22.2,0.0254,39.6,0.0229028,137.026
5000.0,4.2,0.0508,71.3,0.00142788,132.828
4000.0,8.4,0.0508,31.7,0.00580776,118.106
1000.0,8.9,0.1016,71.3,0.0103088,135.433
12500.0,0.0,0.3048,55.5,0.00283081,111.076
500.0,0.0,0.3048,31.7,0.00331266,127.315
3150.0,0.0,0.1016,39.6,0.00146332,130.961
4000.0,4.8,0.0254,31.7,0.000930789,135.328
2500.0,3.3,0.1016,31.7,0.00251435,130.392
200.0,17.4,0.0254,55.5,0.0165706,109.951
3150.0,0.0,0.3048,31.7,0.00331266,119.135
8000.0,3.3,0.1016,71.3,0.00202822,121.234
315.0,7.3,0.2286,55.5,0.0111706,136.284
1000.0,1.5,0.3048,71.3,0.00336729,125.992
2000.0,0.0,0.0254,39.6,0.000428464,130.026
2000.0,22.2,0.0254,71.3,0.0214178,127.197
1600.0,6.7,0.1016,39.6,0.00578076,127.375
2500.0,0.0,0.3048,39.6,0.00310138,121.399
6300.0,0.0,0.1016,39.6,0.00146332,125.631
500.0,5.3,0.2286,39.6,0.00614329,132.251
3150.0,4.8,0.0254,31.7,0.000930789,134.268
400.0,7.3,0.2286,55.5,0.0111706,135.924
1000.0,4.0,0.2286,71.3,0.00400603,131.708
8000.0,5.3,0.2286,71.3,0.0051942,114.9
1600.0,17.4,0.0254,55.5,0.0165706,126.471
3150.0,4.0,0.2286,55.5,0.0042862,122.394
1250.0,0.0,0.1016,71.3,0.00121072,130.335
2000.0,12.3,0.1016,55.5,0.0368233,118.564
5000.0,7.3,0.2286,31.7,0.0132672,111.029
2500.0,0.0,0.0254,55.5,0.00041229,130.073
2500.0,15.4,0.0508,71.3,0.0264269,127.625
6300.0,1.5,0.3048,71.3,0.00336729,118.122
1000.0,0.0,0.2286,55.5,0.00229336,128.29
10000.0,0.0,0.0508,71.3,0.000740478,128.74
4000.0,3.0,0.3048,55.5,0.00452492,118.689
1000.0,4.8,0.0254,39.6,0.000907475,122.956
1000.0,3.3,0.1016,39.6,0.00245138,131.971
5000.0,2.0,0.2286,71.3,0.00293031,122.816
2500.0,17.4,0.0254,71.3,0.016104,126.746
6300.0,4.8,0.0254,39.6,0.000907475,134.336
4000.0,0.0,0.0254,71.3,0.000400682,138.557
3150.0,4.8,0.0254,55.5,0.000873218,132.354
5000.0,4.0,0.2286,39.6,0.00473801,117.649
4000.0,7.2,0.1524,71.3,0.00752039,119.343
2000.0,4.0,0.2286,71.3,0.00400603,126.218
400.0,12.6,0.1524,71.3,0.0483159,127.094
630.0,17.4,0.0254,71.3,0.016104,122.606
400.0,4.0,0.2286,39.6,0.00473801,123.879
8000.0,4.0,0.2286,55.5,0.0042862,112.524
1000.0,0.0,0.2286,31.7,0.0027238,130.595
4000.0,5.4,0.1524,39.6,0.00485029,117.137
6300.0,3.0,0.3048,39.6,0.00495741,114.042
1250.0,3.3,0.1016,39.6,0.00245138,133.211
1000.0,8.4,0.0508,71.3,0.00529514,129.946
630.0,0.0,0.1524,31.7,0.00209405,125.997
2000.0,2.0,0.2286,31.7,0.00372371,123.037
5000.0,0.0,0.3048,71.3,0.00266337,121.301
3150.0,5.4,0.1524,39.6,0.00485029,119.137
315.0,0.0,0.2286,31.7,0.0027238,120.595
8000.0,7.2,0.1524,39.6,0.00909175,111.588
16000.0,1.5,0.3048,71.3,0.00336729,106.582
1250.0,8.4,0.0508,55.5,0.00544854,132.252
1600.0,15.4,0.0508,55.5,0.0271925,128.2
400.0,3.0,0.3048,39.6,0.00495741,125.472
5000.0,0.0,0.0508,55.5,0.00076193,134.556
315.0,1.5,0.3048,39.6,0.00392107,121.851
5000.0,12.7,0.0254,39.6,0.0130253,125.107
5000.0,5.3,0.2286,71.3,0.0051942,118.05
1600.0,12.7,0.0254,39.6,0.0130253,129.977
1000.0,3.0,0.3048,39.6,0.00495741,128.312
5000.0,0.0,0.1016,55.5,0.00131983,128.36
400.0,3.0,0.3048,55.5,0.00452492,126.159
630.0,0.0,0.3048,31.7,0.00331266,129.095
2000.0,22.2,0.0254,39.6,0.0229028,121.256
1000.0,0.0,0.1016,55.5,0.00131983,129.8
10000.0,0.0,0.0508,39.6,0.000791822,125.998
2500.0,15.6,0.1016,39.6,0.0528487,110.264
1250.0,0.0,0.0508,55.5,0.00076193,127.076
2500.0,12.3,0.1016,55.5,0.0368233,117.054
1000.0,17.4,0.0254,39.6,0.0172206,138.274
1600.0,4.0,0.2286,71.3,0.00400603,129.468
6300.0,22.2,0.0254,71.3,0.0214178,123.127
1600.0,0.0,0.1016,39.6,0.00146332,133.261
800.0,17.4,0.0254,39.6,0.0172206,135.324
3150.0,3.0,0.3048,55.5,0.00452492,120.189
5000.0,3.0,0.3048,71.3,0.00425727,118.134
315.0,17.4,0.0254,31.7,0.0176631,118.416
2500.0,7.3,0.2286,71.3,0.0104404,122.088
3150.0,0.0,0.0254,31.7,0.000439472,135.227
8000.0,4.8,0.0254,55.5,0.000873218,132.184
250.0,19.7,0.0508,71.3,0.0341183,119.115
2500.0,0.0,0.2286,55.5,0.00229336,126.54
630.0,0.0,0.2286,39.6,0.00253511,128.705
315.0,3.0,0.3048,39.6,0.00495741,123.312
800.0,17.4,0.0254,71.3,0.016104,124.276
2500.0,1.5,0.3048,39.6,0.00392107,120.981
630.0,5.4,0.1524,71.3,0.00401199,128.971
1250.0,6.7,0.1016,55.5,0.0052139,136.883
3150.0,4.0,0.3048,71.3,0.00497773,121.775
5000.0,2.0,0.2286,31.7,0.00372371,118.267
2000.0,15.6,0.1016,71.3,0.0437259,119.888
400.0,5.3,0.2286,39.6,0.00614329,131.221
20000.0,0.0,0.0254,55.5,0.00041229,121.933
315.0,12.7,0.0254,71.3,0.0121808,122.938
500.0,12.7,0.0254,71.3,0.0121808,126.898
2000.0,7.3,0.2286,55.5,0.0111706,120.354
200.0,7.3,0.2286,39.6,0.0123481,130.989
2500.0,2.0,0.2286,39.6,0.00346574,121.397
1250.0,5.4,0.1524,39.6,0.00485029,127.117
630.0,2.7,0.1524,39.6,0.00294804,125.809
1600.0,3.0,0.3048,55.5,0.00452492,124.439
8000.0,0.0,0.0508,55.5,0.00076193,130.156
2500.0,9.5,0.0254,71.3,0.00420654,135.956
250.0,8.9,0.1016,71.3,0.0103088,134.533
3150.0,15.4,0.0508,55.5,0.0271925,123.46
2000.0,3.0,0.3048,31.7,0.00529514,120.088
1250.0,8.4,0.0508,31.7,0.00580776,130.156
1600.0,9.5,0.0254,55.5,0.0043284,133.062
315.0,12.7,0.0254,39.6,0.0130253,123.537
2500.0,19.7,0.0508,39.6,0.036484,116.184
3150.0,12.6,0.1524,39.6,0.0584113,106.26
1250.0,4.2,0.0508,39.6,0.00152689,128.427
3150.0,0.0,0.0508,31.7,0.000812164,135.49
5000.0,0.0,0.1016,39.6,0.00146332,126.021
1250.0,9.5,0.0254,71.3,0.00420654,131.656
2500.0,9.5,0.0254,55.5,0.0043284,134.152
500.0,9.5,0.0254,31.7,0.00461377,126.886
4000.0,0.0,0.1524,71.3,0.0015988,128.857
4000.0,8.4,0.0508,71.3,0.00529514,126.926
2000.0,15.4,0.0508,55.5,0.0271925,127.04
250.0,15.4,0.0508,71.3,0.0264269,124.835
4000.0,3.0,0.3048,39.6,0.00495741,116.792
5000.0,7.3,0.2286,39.6,0.0123481,111.959
1600.0,0.0,0.1016,55.5,0.00131983,132.05
1600.0,5.3,0.2286,39.6,0.00614329,123.081
2500.0,1.5,0.3048,71.3,0.00336729,124.512
6300.0,0.0,0.0254,71.3,0.000400682,134.987
800.0,4.0,0.3048,71.3,0.00497773,131.755
5000.0,9.5,0.0254,39.6,0.00449821,125.044
500.0,0.0,0.3048,55.5,0.00283081,126.416
3150.0,0.0,0.1016,71.3,0.00121072,131.955
12500.0,0.0,0.0508,55.5,0.00076193,125.376
6300.0,0.0,0.1016,31.7,0.00150092,124.253
12500.0,0.0,0.0508,71.3,0.000740478,125.22
500.0,22.2,0.0254,39.6,0.0229028,129.776
800.0,6.7,0.1016,39.6,0.00578076,134.625
1000.0,9.9,0.1524,71.3,0.0193001,126.349
1600.0,8.4,0.0508,31.7,0.00580776,129.296
4000.0,5.4,0.1524,55.5,0.00433288,119.737
1600.0,22.2,0.0254,39.6,0.0229028,122.216
2000.0,2.0,0.2286,55.5,0.00313525,124.612
1000.0,12.3,0.1016,55.5,0.0368233,125.484
500.0,11.2,0.0508,39.6,0.0150478,131.96
2000.0,8.4,0.0508,31.7,0.00580776,127.686
1250.0,9.9,0.1524,71.3,0.0193001,122.679
3150.0,4.8,0.0254,71.3,0.000848633,133.378
2500.0,5.4,0.1524,55.5,0.00433288,124.077
200.0,12.3,0.1016,55.5,0.0368233,132.304
1250.0,9.9,0.1524,55.5,0.0208438,121.635
6300.0,1.5,0.3048,39.6,0.00392107,114.751
500.0,2.0,0.2286,31.7,0.00372371,126.677
3150.0,7.3,0.2286,71.3,0.0104404,120.458
10000.0,3.0,0.3048,55.5,0.00452492,112.169
4000.0,2.7,0.1524,71.3,0.00243851,126.534
250.0,5.3,0.2286,39.6,0.00614329,127.011
800.0,8.4,0.0508,55.5,0.00544854,128.562
400.0,22.2,0.0254,71.3,0.0214178,117.927
8000.0,0.0,0.3048,55.5,0.00283081,116.476
1250.0,8.4,0.0508,71.3,0.00529514,132.086
400.0,8.4,0.0508,31.7,0.00580776,120.076
1250.0,0.0,0.2286,55.5,0.00229336,127.91
630.0,12.3,0.1016,39.6,0.0408268,121.315
250.0,12.3,0.1016,31.7,0.0418756,125.857
800.0,2.7,0.1524,71.3,0.00243851,127.394
1600.0,12.6,0.1524,71.3,0.0483159,120.534
400.0,15.4,0.0508,71.3,0.0264269,126.805
